id,first_name,last_name,age,city,email
1001,Samuel,Zavala,139,Dublin,Zavala_Samuel46@xfinity.com
1002,Sara,Lee,33,Dublin,Sara.L@hotmail.com
1003,Michael,Davidson,23,Dublin,MichaelDavidson82@att.com
1004,Willie,Sims,29,Sligo,Willie_S@yahoo.com
1005,Carly,Armstrong,22,Mayo,CArmstrong@mail.com
1006,Greg,Hardin,26,Leitrim,Hardin_Greg@gmail.com
1007,Elizabeth,Joseph,58,Galway,Joseph_Elizabeth@yandex.com
1008,Nancy,Mccormick,49,Kerry,Nancy.M@protonmail.com
1009,Sheri,Aguilar,71,Kerry,Aguilar.Sheri22@att.com
1010,John,Anderson,66,Galway,Anderson_John67@yandex.com
1011,Kevin,Blankenship,67,Dublin,Kevin.B@gmail.com
1012,Lance,Lopez,68,Waterford,LLopez@verizon.com
1013,Erik,Young,59,Dublin,EYoung@gmail.com
1014,Kyle,Singh,59,Dublin,Singh_Kyle@hotmail.com
1015,Johnathan,Richards,58,Dublin,JohnathanRichards30@att.com
1016,Michael,Rodriguez,24,Limerick,Michael_R@comcast.net
1017,Mr.,Joseph,23,Limerick,MHorne@zoho.com
1018,David,Snyder,24,Dublin,David.S@hotmail.com
1019,Andre,Chang,34,Dublin,Andre_Chang34@att.com
1020,Steven,Oliver,21,Dublin,Steven_O60@zoho.com
1021,Joshua,Kidd,21,Sligo,Joshua_K@att.com
1022,Danielle,Newman,25,Mayo,DNewman68@verizon.com
1023,Gabrielle,Morgan,25,Leitrim,GMorgan48@mail.com
1024,Virginia,Ferguson,27,Galway,Virginia.F@outlook.com
1025,Michael,Tucker,27,Kerry,Tucker_Michael@protonmail.com
1026,Eric,Johns,31,Kerry,Eric_Johns@protonmail.com
1027,Jason,Dudley,31,Galway,Jason_D@zoho.com
1028,David,Murphy,31,Dublin,Murphy.David@mail.com
1029,Meagan,Gonzalez,31,Waterford,Gonzalez_Meagan43@mail.com
1030,Amanda,Mckinney,33,Dublin,Amanda.Mckinney@xfinity.com
1031,Jessica,Hendricks,150,Dublin,Jessica.H85@xfinity.com
1032,Kyle,Brown,33,Dublin,KyleBrown@comcast.net
1033,Jason,Meyer,33,Limerick,JasonMeyer@protonmail.com
1034,Daniel,Harper,31,Limerick,Daniel.H@yahoo.com
1035,Katherine,Miller,31,Dublin,KatherineMiller68@att.com
1036,Michael,Lane,31,Dublin,Michael_Lane@verizon.com
1037,Samuel,Stone,31,Dublin,Samuel_S@verizon.com
1038,Heather,Davis,33,Sligo,Heather_Davis@xfinity.com
1039,Katie,Bush,33,Mayo,KatieBush25@yandex.com
1040,Karen,Lee,33,Leitrim,Lee_Karen@comcast.net
1041,Brent,Hutchinson,33,Galway,Hutchinson.Brent@att.com
1042,Karen,Freeman,18,Kerry,Karen.Freeman@aol.com
1043,Michelle,Smith,18,Kerry,Michelle_S99@verizon.com
1044,Sandra,Williams,26,Galway,Sandra_Williams@outlook.com
1045,Thomas,English,26,Dublin,ThomasEnglish@gmail.com
1046,Elizabeth,Carter,22,Waterford,Carter_Elizabeth22@aol.com
1047,Jorge,Miller,31,Dublin,Miller.Jorge24@outlook.com
1048,Sandra,Clark,30,Dublin,Sandra.Clark@mail.com
1049,Jeffrey,Robinson,34,Dublin,Jeffrey.R@xfinity.com
1050,Christopher,Turner,32,Limerick,ChristopherTurner@hotmail.com
1051,Matthew,Smith,22,Limerick,MSmith84@outlook.com
1052,Christopher,Crawford,22,Dublin,Crawford_Christopher@outlook.com
1053,Matthew,Ramirez,30,Dublin,Ramirez_Matthew@gmail.com
1054,Larry,Padilla,30,Dublin,LarryPadilla@protonmail.com
1055,Benjamin,Bright,34,Sligo,Bright.Benjamin@xfinity.com
1056,Randy,Nelson,28,Mayo,Randy.N@yandex.com
1057,Tyler,Holmes,28,Meath,Holmes.Tyler66@hotmail.com
1058,Brittany,Martinez,28,Galway,Brittany.M40@comcast.net
1059,Brent,Harrell,28,Kerry,Harrell.Brent13@protonmail.com
1060,Amy,Farmer,8,Kerry,Farmer.Amy@verizon.com
1061,Melissa,Lee,28,Galway,Melissa_L26@verizon.com
1062,Courtney,Carter,28,Dublin,Courtney.C@protonmail.com
1063,Anthony,Anderson,28,Waterford,AnthonyAnderson@protonmail.com
1064,William,Jackson,28,Dublin,DVM.William@hotmail.com
1065,Raymond,Martinez,32,Dublin,RMartinez@aol.com
1066,Benjamin,Estrada,32,Dublin,BEstrada16@protonmail.com
1067,James,Webb,32,Limerick,JamesWebb83@zoho.com
1068,Tricia,Malone,32,Limerick,Malone_Tricia@yahoo.com
1069,Carrie,Scott,32,Dublin,Carrie.Scott@comcast.net
1070,Leslie,Ball,32,Dublin,Leslie_Ball63@gmail.com
1071,David,Gibson,160,Dublin,DavidGibson@xfinity.com
1072,Jessica,Vega,32,Sligo,Jessica.V@aol.com
1073,Joseph,Phillips,31,Mayo,JosephPhillips@aol.com
1074,Mr.,William,54,Meath,Mr._N@comcast.net
1075,Nancy,Mccoy,20,Galway,Mccoy.Nancy33@gmail.com
1076,James,Carson,20,Kerry,James.C@yandex.com
1077,Antonio,Morse,20,Kerry,Antonio.M67@mail.com
1078,Jason,Martin,20,Galway,Jason_Martin31@xfinity.com
1079,David,Miranda,22,Dublin,DavidMiranda@comcast.net
1080,Jeffrey,Rodriguez,22,Waterford,Rodriguez_Jeffrey27@verizon.com
1081,Lisa,Navarro,22,Dublin,Navarro_Lisa20@hotmail.com
1082,Matthew,Floyd,22,Dublin,Matthew.Floyd87@verizon.com
1083,Lisa,Kline,22,Dublin,Lisa_K@comcast.net
1084,Jason,Smith,26,Limerick,Jason_S@zoho.com
1085,Gerald,Hall,26,Limerick,GHall@yandex.com
1086,Diane,Quinn,26,Dublin,Diane_Q54@comcast.net
1087,Roberto,Anthony,26,Dublin,RAnthony@xfinity.com
1088,Rebecca,Alvarez,30,Dublin,Rebecca.A49@protonmail.com
1089,Mike,Grimes,30,Sligo,MikeGrimes@yahoo.com
1090,Wendy,Torres,30,Mayo,Wendy.Torres73@protonmail.com
1091,Jamie,Romero,30,Meath,JRomero36@outlook.com
1092,Jackie,Lee,30,Galway,JLee69@verizon.com
1093,Daniel,Thomas,34,Kerry,Thomas_Daniel88@mail.com
1094,Olivia,Banks,34,Kerry,Olivia_B@verizon.com
1095,Ashley,Jones,27,Galway,Jones.Ashley78@mail.com
1096,Matthew,Parker,22,Dublin,MParker23@yahoo.com
1097,Jamie,Clay,22,Waterford,JClay@gmail.com
1098,John,Peterson,26,Dublin,John.Peterson13@gmail.com
1099,Kimberly,Riley,24,Dublin,Riley.Kimberly@yandex.com
1100,Grant,Hall,24,Dublin,Hall_Grant@mail.com
1101,Daniel,Fleming,27,Limerick,Daniel.Fleming@att.com
1102,James,Short,24,Limerick,James_S@outlook.com
1103,Andrew,Craig,6,Dublin,Andrew.C74@yahoo.com
1104,Jennifer,Gay,43,Dublin,JenniferGay@outlook.com
1105,Carla,Delacruz,47,Dublin,CarlaDelacruz@mail.com
1106,Heather,Porter,22,Sligo,HeatherPorter@comcast.net
1107,Ian,Dyer,26,Mayo,Ian.Dyer@zoho.com
1108,Christopher,Herring,30,Meath,Christopher_H@aol.com
1109,Jeffery,Gonzalez,24,Galway,Jeffery.Gonzalez@outlook.com
1110,Danielle,Diaz,23,Kerry,Danielle_Diaz@yandex.com
1111,Julie,Allen,24,Kerry,Allen_Julie31@outlook.com
1112,Ethan,Moran,28,Galway,Ethan.M@aol.com
1113,Courtney,Young,30,Dublin,Courtney.Y@hotmail.com
1114,Kelsey,Poole,24,Waterford,Kelsey.P@verizon.com
1115,Robert,Torres,21,Dublin,Robert_Torres@xfinity.com
1116,Dean,Nguyen,21,Dublin,Dean_Nguyen@comcast.net
1117,Jennifer,Durham,21,Dublin,JenniferDurham73@protonmail.com
1118,Richard,Gardner,25,Limerick,RGardner43@yandex.com
1119,Susan,Mayer,25,Limerick,Susan_M72@comcast.net
1120,William,Dean,23,Dublin,William.D43@outlook.com
1121,Hunter,Perez,20,Dublin,Hunter_Perez@zoho.com
1122,Jacqueline,Johnson,33,Dublin,Johnson.Jacqueline@aol.com
1123,Christopher,Lawrence,33,Sligo,ChristopherLawrence69@outlook.com
1124,Danielle,Hamilton,33,Mayo,Danielle_H45@yandex.com
1125,Jonathan,Hunter,23,Meath,Jonathan.H@att.com
1126,Deanna,Knight,27,Galway,DeannaKnight@protonmail.com
1127,Anna,Howard,27,Kerry,AHoward@comcast.net
1128,Stephanie,Vega,31,Kerry,StephanieVega93@mail.com
1129,Taylor,Martinez,31,Galway,Martinez_Taylor@aol.com
1130,Justin,Alvarez,31,Dublin,Alvarez_Justin95@comcast.net
1131,Matthew,Edwards,28,Waterford,Matthew.E48@yandex.com
1132,Stephanie,James,25,Dublin,James.Stephanie89@xfinity.com
1133,Joshua,Snow,34,Dublin,JSnow15@yahoo.com
1134,Christian,Holt,25,Dublin,Holt_Christian47@yandex.com
1135,Marco,Simpson,25,Limerick,MarcoSimpson@aol.com
1136,Tyler,Phillips,29,Limerick,Tyler_P@zoho.com
1137,Nicholas,Fernandez,29,Dublin,NFernandez@comcast.net
1138,Shannon,Medina,29,Dublin,Medina.Shannon@att.com
1139,Lori,Lawson,41,Dublin,Lawson.Lori@mail.com
1140,Dustin,Taylor,33,Sligo,Taylor.Dustin@aol.com
1141,Andrew,Brady,45,Mayo,Brady.Andrew@att.com
1142,Michael,Hunt,49,Meath,Hunt_Michael@aol.com
1143,Stephen,Johnson,53,Galway,Stephen_Johnson@outlook.com
1144,Arthur,Powers,57,Kerry,ArthurPowers@aol.com
1145,Christian,Harris,22,Kerry,Harris.Christian@gmail.com
1146,Mr.,James,22,Galway,Mr..G@comcast.net
1147,Barbara,Gross,26,Dublin,Barbara.G@att.com
1148,Kristi,Hughes,30,Waterford,KHughes@xfinity.com
1149,Joseph,Smith,24,Dublin,JosephSmith@yahoo.com
1150,Robert,Richardson,24,Dublin,Robert.Richardson@verizon.com
1151,Maurice,Foster,28,Dublin,MFoster@gmail.com
1152,John,West,22,Limerick,JohnWest99@verizon.com
1153,Darlene,Johnson,26,Limerick,DarleneJohnson@aol.com
1154,Kimberly,Thomas,23,Dublin,Thomas_Kimberly13@xfinity.com
1155,Nicholas,Brown,23,Dublin,Nicholas.B77@outlook.com
1156,Keith,Roberts,23,Dublin,KRoberts@aol.com
1157,Cynthia,Logan,23,Sligo,CynthiaLogan@verizon.com
1158,Calvin,Smith,23,Mayo,Calvin_Smith@mail.com
1159,Aaron,Williams,23,Meath,AWilliams@comcast.net
1160,Chad,Howard,22,Galway,Chad.Howard38@xfinity.com
1161,Shannon,Luna,24,Kerry,Shannon_L55@yahoo.com
1162,Alan,Richards,33,Kerry,Richards_Alan@verizon.com
1163,Kim,Ray,26,Galway,Kim.Ray@protonmail.com
1164,Lance,Ray,21,Dublin,LRay@gmail.com
1165,Christopher,Ramsey,6,Waterford,Ramsey_Christopher@hotmail.com
1166,Shelby,Young,24,Dublin,Shelby.Y29@yahoo.com
1167,Deborah,Carter,34,Dublin,Deborah.C32@verizon.com
1168,Frank,Rocha,23,Dublin,Frank.R46@outlook.com
1169,Nancy,Rogers,24,Limerick,NancyRogers@xfinity.com
1170,Jennifer,Bell,28,Limerick,JBell@gmail.com
1171,Dale,Evans,24,Dublin,DaleEvans@gmail.com
1172,Robert,Steele,26,Dublin,Robert_Steele@protonmail.com
1173,Debra,Strickland,21,Dublin,DebraStrickland@yandex.com
1174,Blake,Copeland,30,Sligo,Blake_Copeland63@verizon.com
1175,Jennifer,Perez,31,Mayo,Jennifer.Perez@mail.com
1176,Taylor,West,21,Meath,West.Taylor40@protonmail.com
1177,Joseph,Crawford,23,Galway,JCrawford@gmail.com
1178,Marcus,Sharp,22,Kerry,MSharp@outlook.com
1179,Mark,Wall,26,Kerry,Wall_Mark@att.com
1180,David,James,23,Galway,DJames35@mail.com
1181,Joel,Mccoy,23,Dublin,Mccoy_Joel@yahoo.com
1182,Mary,Mills,19,Waterford,Mills_Mary@att.com
1183,Joshua,Tyler,26,Dublin,Joshua_Tyler@yandex.com
1184,Jonathan,Walker,27,Dublin,Walker.Jonathan11@outlook.com
1185,Barbara,Roberts,27,Dublin,Roberts.Barbara@aol.com
1186,Andrea,Gaines,24,Limerick,AGaines@zoho.com
1187,Kevin,Sullivan,28,Limerick,Kevin_S@gmail.com
1188,Christine,Irwin,23,Dublin,ChristineIrwin51@outlook.com
1189,Jessica,Maynard,27,Dublin,JMaynard99@comcast.net
1190,Suzanne,Mccarty,31,Dublin,Mccarty_Suzanne36@zoho.com
1191,Ellen,Thompson,30,Sligo,EThompson37@gmail.com
1192,Craig,Chambers,22,Mayo,CraigChambers@xfinity.com
1193,Rachel,Rice,22,Meath,Rachel_Rice66@att.com
1194,Michael,Collier,27,Galway,Collier.Michael@yahoo.com
1195,Patricia,Williams,26,Kerry,PWilliams@hotmail.com
1196,Angel,Williams,23,Kerry,AWilliams@protonmail.com
1197,Julie,Guerra,22,Galway,Julie.Guerra@comcast.net
1198,John,Mitchell,22,Dublin,John_M@mail.com
1199,Denise,Robinson,26,Waterford,Denise_R@yandex.com
1200,Courtney,White,22,Dublin,CourtneyWhite51@mail.com
1201,April,Molina,26,Dublin,April_Molina@att.com
1202,Zachary,Hoffman,24,Dublin,Zachary_Hoffman@gmail.com
1203,Jeffrey,Smith,28,Limerick,Jeffrey.Smith@zoho.com
1204,Charles,Valdez,32,Limerick,Charles.V@protonmail.com
1205,Clarence,Golden,22,Dublin,Clarence_Golden@aol.com
1206,Abigail,Ryan,26,Dublin,Ryan.Abigail@aol.com
1207,Brad,Shea,29,Dublin,Shea_Brad@aol.com
1208,Amy,Parker,25,Sligo,Parker.Amy@mail.com
1209,Peter,Chase,21,Mayo,Peter_C@zoho.com
1210,Sherry,Lopez,21,Meath,Sherry_L53@yahoo.com
1211,Carolyn,Nash,21,Galway,CDDS11@verizon.com
1212,Alexandra,Douglas,27,Kerry,ADouglas@yandex.com
1213,Tasha,Lowe,21,Kerry,TLowe@zoho.com
1214,Jason,Hall,34,Galway,JasonHall@verizon.com
1215,Mr.,Alexander,38,Dublin,Mr._Hernandez37@verizon.com
1216,Jill,Howard,38,Waterford,Howard_Jill81@protonmail.com
1217,Eric,Mullins,35,Dublin,Eric_Mullins@aol.com
1218,Christina,Davis,18,Dublin,Christina.D78@mail.com
1219,Courtney,Sims,30,Dublin,Courtney.S64@yahoo.com
1220,Thomas,Carr,30,Limerick,Thomas.C12@yandex.com
1221,Toni,Potts,30,Limerick,TPotts31@aol.com
1222,Randall,Conway,30,Dublin,Conway.Randall@aol.com
1223,Sharon,Brady,22,Dublin,SBrady23@xfinity.com
1224,Laura,Macdonald,22,Dublin,Macdonald.Laura68@aol.com
1225,Laurie,Jones,25,Sligo,Jones_Laurie@xfinity.com
1226,Carolyn,Lyons,45,Mayo,Lyons.Carolyn41@outlook.com
1227,Andrew,Cantu,44,Meath,Andrew_Cantu@yandex.com
1228,Jamie,Richardson,25,Galway,Richardson.Jamie74@gmail.com
1229,Sandra,Cruz,26,Kerry,Cruz_Sandra@protonmail.com
1230,Devon,Fisher,19,Kerry,Fisher_Devon99@protonmail.com
1231,Christopher,Fernandez,23,Galway,Christopher_F@gmail.com
1232,Jeffrey,Haas,22,Dublin,Haas.Jeffrey@xfinity.com
1233,Becky,Hale,29,Waterford,Becky_H80@outlook.com
1234,Jacob,Jordan,34,Dublin,Jordan.Jacob27@xfinity.com
1235,Jimmy,Simmons,22,Dublin,Jimmy_S@comcast.net
1236,Brittany,Smith,26,Dublin,Brittany.Smith81@gmail.com
1237,Lauren,Thomas,30,Limerick,LaurenThomas89@verizon.com
1238,Edward,Parker,34,Limerick,Edward.Parker@mail.com
1239,Kathleen,Nelson,20,Dublin,Nelson_Kathleen@att.com
1240,Keith,Lee,25,Dublin,Keith_Lee@outlook.com
1241,David,Hamilton,29,Dublin,DavidHamilton61@protonmail.com
1242,Christopher,Acevedo,33,Sligo,Christopher.Acevedo@comcast.net
1243,Ivan,Boone,23,Mayo,Ivan.Boone@yandex.com
1244,David,Perkins,23,Meath,DavidPerkins@mail.com
1245,Roger,Carr,27,Galway,Roger_C@zoho.com
1246,Michael,Gardner,20,Kerry,Michael.Gardner@protonmail.com
1247,Bryan,Reid,22,Kerry,Bryan_R@protonmail.com
1248,Jamie,Alexander,21,Galway,Jamie.A83@yahoo.com
1249,Janet,Smith,22,Dublin,Janet_S35@verizon.com
1250,Alexa,Lopez,20,Waterford,Lopez.Alexa@comcast.net
1251,Melissa,Kerr,24,Dublin,MelissaKerr@yandex.com
1252,Brian,Wilson,28,Dublin,BWilson@protonmail.com
1253,Paul,Matthews,32,Dublin,PaulMatthews@comcast.net
1254,Travis,Porter,22,Limerick,Travis_Porter@zoho.com
1255,Ashley,James,22,Limerick,Ashley_James@att.com
1256,Antonio,Macdonald,22,Dublin,Antonio.Macdonald38@hotmail.com
1257,Amy,Grant,19,Dublin,Amy.Grant39@xfinity.com
1258,Ashley,Krause,26,Dublin,AshleyKrause@xfinity.com
1259,Steven,Frank,23,Sligo,Steven_Frank@mail.com
1260,Andrew,Bradley,28,Mayo,Andrew.B@zoho.com
1261,James,Medina,25,Meath,Medina_James@protonmail.com
1262,Anthony,Greene,29,Galway,AnthonyGreene@hotmail.com
1263,Allison,Adams,37,Kerry,Allison.A22@protonmail.com
1264,Ricky,Lowe,31,Kerry,Lowe_Ricky67@hotmail.com
1265,Kelli,Wood,28,Galway,Kelli.W@outlook.com
1266,Megan,Farrell,20,Dublin,Farrell_Megan@protonmail.com
1267,Christina,Wade,20,Waterford,Christina.W57@protonmail.com
1268,Kenneth,Martinez,24,Dublin,KennethMartinez@mail.com
1269,Danielle,Simmons,28,Dublin,Simmons_Danielle86@gmail.com
1270,Lisa,Owens,28,Dublin,Lisa_O@hotmail.com
1271,Kimberly,Giles,22,Limerick,KimberlyGiles@xfinity.com
1272,Carolyn,Patterson,18,Limerick,Patterson.Carolyn@hotmail.com
1273,Michelle,Watson,33,Dublin,Michelle_W@outlook.com
1274,David,Campos,28,Dublin,DCampos15@hotmail.com
1275,Mary,Cox,68,Dublin,Mary_C87@yahoo.com
1276,Erica,Peters,23,Sligo,Erica_Peters@yahoo.com
1277,Marie,Lamb,23,Mayo,MLamb@zoho.com
1278,Maria,Lane,29,Meath,Lane.Maria@hotmail.com
1279,Joshua,Ford,19,Galway,Joshua.Ford13@xfinity.com
1280,Kaitlyn,Clayton,24,Kerry,Kaitlyn.C@mail.com
1281,Felicia,Kent,67,Kerry,FeliciaKent@xfinity.com
1282,Johnathan,Sanchez,42,Galway,JSanchez@aol.com
1283,Lori,Carey,46,Dublin,Lori_Carey@mail.com
1284,Sandra,Bentley,30,Waterford,Sandra_B42@hotmail.com
1285,Michelle,Zamora,30,Dublin,Michelle_Z@verizon.com
1286,Alexander,Wise,26,Dublin,AlexanderWise@comcast.net
1287,Tonya,Collins,21,Dublin,TonyaCollins44@aol.com
1288,Anne,Anderson,23,Limerick,AAnderson@comcast.net
1289,James,Ray,24,Limerick,James.R@hotmail.com
1290,Marissa,Williams,28,Dublin,MWilliams43@aol.com
1291,Amy,Jones,28,Dublin,Jones.Amy@verizon.com
1292,Kimberly,Woods,19,Dublin,Kimberly_Woods@mail.com
1293,Justin,Ford,41,Sligo,JFord48@yahoo.com
1294,Jordan,Powers,21,Mayo,Jordan.P@comcast.net
1295,Lisa,Smith,30,Meath,Lisa.Smith@zoho.com
1296,Wayne,Archer,23,Galway,Wayne.A39@verizon.com
1297,Calvin,Gordon,42,Kerry,Calvin.Gordon82@aol.com
1298,Carlos,Shelton,34,Kerry,Carlos_S@outlook.com
1299,Robert,Williams,23,Galway,RobertWilliams@att.com
1300,Karen,Dickson,40,Dublin,Karen_D81@comcast.net
1301,Jordan,Hawkins,22,Waterford,Hawkins.Jordan44@yahoo.com
1302,Matthew,Rhodes,26,Dublin,MRhodes@verizon.com
1303,Erica,Mitchell,34,Dublin,EricaMitchell65@outlook.com
1304,Anthony,Clements,23,Dublin,Clements.Anthony@att.com
1305,Thomas,Singh,22,Limerick,Thomas_S@verizon.com
1306,James,Patton,26,Limerick,James_P@mail.com
1307,Brenda,Kirk,21,Dublin,BrendaKirk46@yandex.com
1308,Dale,Ward,19,Dublin,Dale.Ward@aol.com
1309,Rachel,Meyer,25,Dublin,Rachel_M34@outlook.com
1310,Emily,Ryan,28,Sligo,Emily_Ryan@comcast.net
1311,Mr.,Anthony,25,Mayo,PhD_Mr.86@outlook.com
1312,Kelly,Herring,29,Meath,Herring.Kelly@yahoo.com
1313,Alexis,Munoz,55,Galway,Alexis_M@yandex.com
1314,Christine,Dickerson,58,Kerry,Christine.D@yandex.com
1315,Megan,Wood,34,Kerry,Wood_Megan95@hotmail.com
1316,Heidi,Romero,22,Galway,HRomero74@xfinity.com
1317,Emily,Scott,21,Dublin,Scott_Emily93@mail.com
1318,Mrs.,Gloria,21,Waterford,MGutierrez@yandex.com
1319,Melissa,Williams,33,Dublin,MelissaWilliams@yandex.com
1320,Caleb,Charles,23,Dublin,Charles_Caleb@outlook.com
1321,Karen,Richard,22,Dublin,Karen_R@hotmail.com
1322,Alejandra,Williams,20,Limerick,Alejandra.Williams81@comcast.net
1323,Stephanie,Butler,21,Limerick,Stephanie_B@mail.com
1324,Mitchell,Lee,29,Dublin,Lee.Mitchell68@protonmail.com
1325,Kenneth,Obrien,23,Dublin,Kenneth_Obrien14@comcast.net
1326,Charles,Duarte,23,Dublin,Duarte.Charles@xfinity.com
1327,Patricia,Davis,19,Sligo,PDavis@mail.com
1328,Roy,Willis,18,Mayo,Willis_Roy@mail.com
1329,Elizabeth,Moore,25,Meath,Elizabeth_Moore98@xfinity.com
1330,Sarah,Lindsey,32,Galway,Sarah_Lindsey@verizon.com
1331,Michael,Cruz,21,Kerry,MCruz@zoho.com
1332,Joy,Blake,19,Kerry,Blake_Joy@outlook.com
1333,Rodney,Saunders,31,Galway,Saunders_Rodney@gmail.com
1334,Megan,Caldwell,19,Dublin,Caldwell_Megan@protonmail.com
1335,Katherine,Rodriguez,23,Waterford,Katherine_Rodriguez@yahoo.com
1336,Lisa,Flores,23,Dublin,Flores_Lisa@outlook.com
1337,William,Williams,32,Dublin,WWilliams@yahoo.com
1338,Kimberly,Jackson,19,Dublin,KimberlyJackson@comcast.net
1339,Kevin,Anderson,21,Limerick,Kevin_A23@mail.com
1340,Amanda,Miller,18,Limerick,Amanda.M@comcast.net
1341,Kenneth,Owens,22,Dublin,Owens.Kenneth75@zoho.com
1342,Bobby,Mueller,18,Dublin,Mueller_Bobby22@yahoo.com
1343,Antonio,Brown,29,Dublin,Antonio.Brown@yahoo.com
1344,Paula,Reid,43,Sligo,Reid_Paula54@xfinity.com
1345,Valerie,Brown,30,Mayo,Brown.Valerie@outlook.com
1346,David,Smith,31,Meath,David_S26@gmail.com
1347,Shannon,Pratt,31,Galway,Pratt.Shannon53@hotmail.com
1348,Destiny,Bright,31,Kerry,DestinyBright@hotmail.com
1349,Lisa,Williams,35,Kerry,Lisa.Williams17@gmail.com
1350,Kevin,Carrillo,35,Galway,Carrillo.Kevin@hotmail.com
1351,Robert,Castillo,60,Dublin,Robert_C@yandex.com
1352,Shelly,Kane,32,Waterford,ShellyKane@comcast.net
1353,Michael,Pope,24,Dublin,Michael_P11@gmail.com
1354,Kevin,Chapman,62,Dublin,Kevin_Chapman@xfinity.com
1355,Hannah,Brown,70,Dublin,HannahBrown@xfinity.com
1356,Christina,Hernandez,20,Limerick,Hernandez.Christina@yahoo.com
1357,Nicole,Robbins,25,Limerick,Nicole.R@yahoo.com
1358,Ryan,Anderson,21,Dublin,Anderson_Ryan@protonmail.com
1359,Hunter,Collins,21,Dublin,Hunter_Collins@outlook.com
1360,Maria,Pratt,21,Dublin,MariaPratt@outlook.com
1361,Theresa,Mason,25,Sligo,Theresa_Mason@att.com
1362,Sarah,Gonzalez,25,Mayo,Sarah_G@yandex.com
1363,Kenneth,Olsen,33,Meath,Olsen.Kenneth@outlook.com
1364,Penny,Cummings,75,Galway,PCummings@zoho.com
1365,Donna,Hill,24,Kerry,DHill@verizon.com
1366,Jose,Farrell,32,Kerry,Jose_F@protonmail.com
1367,Angela,Eaton,24,Galway,Eaton.Angela86@att.com
1368,Curtis,Villarreal,28,Dublin,CVillarreal44@gmail.com
1369,Janet,Peterson,29,Waterford,Janet.P@outlook.com
1370,Lindsay,Gonzalez,23,Dublin,Gonzalez.Lindsay@yandex.com
1371,Melissa,Wilcox,27,Dublin,Melissa.Wilcox39@hotmail.com
1372,Robert,Lee,24,Dublin,Robert_Lee@zoho.com
1373,Audrey,Williams,25,Limerick,Williams.Audrey@comcast.net
1374,Victoria,Cameron,19,Limerick,Victoria.DVM@hotmail.com
1375,Carla,Fischer,23,Dublin,Carla_Fischer@att.com
1376,Brandon,Davis,23,Dublin,Brandon.D@protonmail.com
1377,Brandon,Cole,31,Dublin,BrandonCole@verizon.com
1378,Meghan,Sandoval,21,Sligo,Meghan_Sandoval@comcast.net
1379,Jerome,Barr,24,Mayo,Barr_Jerome@aol.com
1380,Kaitlyn,Dunlap,18,Meath,Kaitlyn_Dunlap@hotmail.com
1381,William,Branch,22,Galway,WBranch@protonmail.com
1382,Jenny,Parker,21,Kerry,Jenny.Parker@gmail.com
1383,Heather,Clark,33,Kerry,Heather_Clark31@zoho.com
1384,Andrew,White,33,Galway,Andrew_White@aol.com
1385,Daryl,Jones,37,Dublin,DarylJones15@hotmail.com
1386,Elizabeth,Mata,37,Waterford,Mata.Elizabeth33@gmail.com
1387,Kristen,Ortiz,37,Dublin,Kristen.Ortiz@aol.com
1388,Michael,Mcdowell,37,Dublin,Mcdowell_Michael29@yahoo.com
1389,Alicia,Owens,20,Dublin,AliciaOwens@yandex.com
1390,Thomas,Snyder,61,Limerick,Snyder_Thomas@outlook.com
1391,Nathaniel,Stafford,27,Limerick,NathanielStafford@hotmail.com
1392,Matthew,Carson,21,Dublin,Matthew.Carson13@yandex.com
1393,Katherine,Lucas,21,Dublin,Lucas.Katherine@yahoo.com
1394,Lisa,Dunn,30,Dublin,Lisa.D@mail.com
1395,Randy,Miller,28,Sligo,Miller_Randy@xfinity.com
1396,Trevor,Williams,36,Mayo,Trevor.W74@zoho.com
1397,Christina,Hernandez,36,Meath,Christina.Hernandez@xfinity.com
1398,Michael,Wilkins,21,Galway,Wilkins_Michael14@hotmail.com
1399,Jane,Brown,21,Kerry,Jane.B@protonmail.com
1400,Austin,Mills,26,Kerry,Mills.Austin@aol.com
1401,Christopher,Callahan,22,Galway,CCallahan@att.com
1402,Sheila,Gibson,27,Dublin,Gibson.Sheila@gmail.com
1403,Julie,Thomas,28,Waterford,JThomas@mail.com
1404,Sarah,Juarez,55,Dublin,SJuarez71@verizon.com
1405,Tony,Richardson,24,Dublin,Richardson.Tony@yandex.com
1406,Steven,Wolf,22,Dublin,Steven_Wolf16@gmail.com